"Seconds","Header"
0.343750,"ranges"
0.343750,"version"
0.359375,"climits"
0.375000,"concepts"
0.390625,"compare"
0.500000,"cfloat"
0.500000,"cstddef"
0.500000,"initializer_list"
0.562500,"cassert"
0.562500,"cerrno"
0.562500,"csignal"
0.562500,"cstdarg"
0.562500,"cstdbool"
0.578125,"ciso646"
0.578125,"csetjmp"
0.578125,"cstdalign"
0.578125,"cstdint"
0.578125,"cuchar"
0.593750,"clocale"
0.609375,"cfenv"
0.609375,"cinttypes"
0.609375,"cwctype"
0.656250,"cctype"
0.671875,"ctime"
0.906250,"cstring"
1.125000,"cstdlib"
1.234375,"cstdio"
1.421875,"cmath"
1.468750,"type_traits"
1.500000,"ratio"
1.515625,"utility"
1.625000,"exception"
1.640625,"new"
1.640625,"typeindex"
1.640625,"typeinfo"
1.812500,"cwchar"
2.078125,"atomic"
2.453125,"tuple"
2.515625,"limits"
2.687500,"iosfwd"
3.109375,"chrono"
3.296875,"charconv"
3.531250,"numeric"
3.718750,"any"
3.765625,"optional"
3.843750,"scoped_allocator"
3.890625,"memory"
3.921875,"forward_list"
3.921875,"list"
3.937500,"deque"
3.968750,"stack"
4.015625,"set"
4.015625,"vector"
4.031250,"algorithm"
4.031250,"map"
4.031250,"valarray"
4.250000,"thread"
4.281250,"stdexcept"
4.296875,"string_view"
4.312500,"bitset"
4.328125,"system_error"
4.375000,"string"
4.609375,"queue"
4.765625,"variant"
4.875000,"condition_variable"
4.890625,"mutex"
4.921875,"shared_mutex"
5.000000,"streambuf"
5.031250,"unordered_set"
5.078125,"unordered_map"
5.156250,"memory_resource"
5.375000,"ios"
5.406250,"functional"
5.468750,"random"
5.484375,"ostream"
5.609375,"istream"
5.671875,"iostream"
5.671875,"iterator"
5.671875,"locale"
5.671875,"strstream"
5.703125,"codecvt"
5.718750,"sstream"
5.765625,"fstream"
5.875000,"iomanip"
5.890625,"complex"
5.906250,"ccomplex"
5.906250,"ctgmath"
6.000000,"array"
6.265625,"execution"
6.890625,"regex"
7.109375,"filesystem"
7.906250,"future"
